{"scale": 1.0, "center": [0.0, 0.3499999940395355, 0.0], "cam_param": [[0.939692620785908, -2.0942693688385e-17, 0.3420201433256694, -3.4202014332566946], [2.804472681220912e-34, -1.0, -6.123233995736765e-17, 6.123233995736767e-16], [0.3420201433256694, 5.75395780113925e-17, -0.9396926207859081, 9.396926207859083], [0.0, 0.0, 0.0, 1.0]]}