{"scale": 1.0, "center": [0.0, 0.3499999940395355, 0.0], "cam_param": [[1.0, 0.0, 0.0, 0.0], [-0.0, -0.9210609940028851, -0.3894183423086504, 3.8941834230865044], [-0.0, 0.38941834230865047, -0.9210609940028851, 9.210609940028851], [0.0, 0.0, 0.0, 1.0]]}